input,R,G,B
0.000000000000000000e+00,5.988999999999999961e-07,0.000000000000000000e+00,6.934000000000000019e-06
3.906250000000000000e-03,5.827349374999998399e-04,2.016297562499999932e-03,4.542144999999999169e-03
7.812500000000000000e-03,1.164870974999999715e-03,4.032595124999999864e-03,9.077355999999999966e-03
1.171875000000000000e-02,1.747007012499999590e-03,6.048892687499998928e-03,1.361256699999999903e-02
1.562500000000000000e-02,2.329143049999999465e-03,8.065190249999999728e-03,1.814777799999999983e-02
1.953125000000000000e-02,2.911279087499999557e-03,1.008148781249999792e-02,2.268298899999999715e-02
2.343750000000000000e-02,3.493415125000000083e-03,1.209778537499999786e-02,2.721819999999999795e-02
2.734375000000000000e-02,4.075551162499999741e-03,1.411408293749999779e-02,3.175341100000000222e-02
3.125000000000000000e-02,4.657687199999999833e-03,1.613038049999999946e-02,3.628862199999999955e-02
3.515625000000000000e-02,6.055614937500000336e-03,1.870237284999999930e-02,3.981338687500000223e-02
3.906250000000000000e-02,7.453542675000000839e-03,2.127436519999999914e-02,4.333815174999999797e-02
4.296875000000000000e-02,8.851470412499999607e-03,2.384635754999999899e-02,4.686291662500000066e-02
4.687500000000000000e-02,1.024939815000000184e-02,2.641834989999999883e-02,5.038768149999999640e-02
5.078125000000000000e-02,1.164732588750000061e-02,2.899034224999999868e-02,5.391244637500000603e-02
5.468750000000000000e-02,1.304525362499999938e-02,3.156233459999999852e-02,5.743721124999999483e-02
5.859375000000000000e-02,1.444318136249999988e-02,3.413432695000000183e-02,6.096197612500000446e-02
6.250000000000000000e-02,1.584110910000000039e-02,3.670631929999999821e-02,6.448674100000000020e-02
6.640625000000000000e-02,1.845619949999999926e-02,4.022276278749999795e-02,6.819104206249999856e-02
7.031250000000000000e-02,2.107128990000000160e-02,4.373920627499999769e-02,7.189534312499999691e-02
7.421875000000000000e-02,2.368638029999999700e-02,4.725564976249999050e-02,7.559964418750000914e-02
7.812500000000000000e-02,2.630147069999999934e-02,5.077209324999999718e-02,7.930394525000000749e-02
8.203125000000000000e-02,2.891656110000000168e-02,5.428853673750000386e-02,8.300824631249999197e-02
8.593750000000000000e-02,3.153165149999999362e-02,5.780498022499999666e-02,8.671254737500000420e-02
8.984375000000000000e-02,3.414674189999999249e-02,6.132142371249999641e-02,9.041684843750000256e-02
9.375000000000000000e-02,3.676183229999999830e-02,6.483786719999999615e-02,9.412114950000000091e-02
9.765625000000000000e-02,3.986676716249999697e-02,6.805983319999998893e-02,9.748571488750000513e-02
1.015625000000000000e-01,4.297170202499999564e-02,7.128179919999999559e-02,1.008502802749999955e-01
1.054687500000000000e-01,4.607663688749999431e-02,7.450376519999998837e-02,1.042148456624999997e-01
1.093750000000000000e-01,4.918157174999999992e-02,7.772573119999999502e-02,1.075794110499999900e-01
1.132812500000000000e-01,5.228650661249999165e-02,8.094769719999998780e-02,1.109439764374999943e-01
1.171875000000000000e-01,5.539144147500000420e-02,8.416966319999999446e-02,1.143085418249999985e-01
1.210937500000000000e-01,5.849637633750000981e-02,8.739162920000000112e-02,1.176731072124999888e-01
1.250000000000000000e-01,6.160131120000000154e-02,9.061359519999999390e-02,1.210376725999999931e-01
1.289062500000000000e-01,6.458651225000000551e-02,9.369737593749999371e-02,1.242417024499999911e-01
1.328125000000000000e-01,6.757171330000000253e-02,9.678115667499999353e-02,1.274457323000000031e-01
1.367187500000000000e-01,7.055691434999999956e-02,9.986493741249999334e-02,1.306497621499999873e-01
1.406250000000000000e-01,7.354211539999999658e-02,1.029487181500000070e-01,1.338537919999999715e-01
1.445312500000000000e-01,7.652731644999999361e-02,1.060324988875000068e-01,1.370578218499999834e-01
1.484375000000000000e-01,7.951251750000000451e-02,1.091162796250000067e-01,1.402618516999999954e-01
1.523437500000000000e-01,8.249771854999998766e-02,1.122000603625000065e-01,1.434658815499999795e-01
1.562500000000000000e-01,8.548291959999999856e-02,1.152838411000000063e-01,1.466699113999999915e-01
1.601562500000000000e-01,8.893806672499998678e-02,1.187977868875000065e-01,1.502608770375000180e-01
1.640625000000000000e-01,9.239321384999998887e-02,1.223117326750000067e-01,1.538518426749999890e-01
1.679687500000000000e-01,9.584836097500000485e-02,1.258256784624999791e-01,1.574428083124999878e-01
1.718750000000000000e-01,9.930350809999999306e-02,1.293396242500000071e-01,1.610337739500000143e-01
1.757812500000000000e-01,1.027586552249999952e-01,1.328535700374999795e-01,1.646247395875000130e-01
1.796875000000000000e-01,1.062138023500000111e-01,1.363675158250000075e-01,1.682157052250000118e-01
1.835937500000000000e-01,1.096689494750000132e-01,1.398814616125000354e-01,1.718066708624999828e-01
1.875000000000000000e-01,1.131240966000000014e-01,1.433954074000000078e-01,1.753976365000000093e-01
1.914062500000000000e-01,1.170829553875000067e-01,1.471547797625000209e-01,1.789626770499999908e-01
1.953125000000000000e-01,1.210418141749999982e-01,1.509141521249999784e-01,1.825277175999999724e-01
1.992187500000000000e-01,1.250006729625000035e-01,1.546735244874999915e-01,1.860927581500000094e-01
2.031250000000000000e-01,1.289595317499999949e-01,1.584328968500000046e-01,1.896577986999999910e-01
2.070312500000000000e-01,1.329183905374999863e-01,1.621922692125000176e-01,1.932228392500000003e-01
2.109375000000000000e-01,1.368772493249999778e-01,1.659516415750000029e-01,1.967878798000000373e-01
2.148437500000000000e-01,1.408361081125000247e-01,1.697110139374999882e-01,2.003529203500000189e-01
2.187500000000000000e-01,1.447949668999999884e-01,1.734703863000000013e-01,2.039179609000000004e-01
2.226562500000000000e-01,1.491365768874999831e-01,1.773439884624999907e-01,2.073098103625000133e-01
2.265625000000000000e-01,1.534781868749999778e-01,1.812175906250000079e-01,2.107016598249999983e-01
2.304687500000000000e-01,1.578197968625000003e-01,1.850911927875000251e-01,2.140935092874999834e-01
2.343750000000000000e-01,1.621614068499999950e-01,1.889647949500000146e-01,2.174853587499999685e-01
2.382812500000000000e-01,1.665030168374999897e-01,1.928383971125000040e-01,2.208772082125000091e-01
2.421875000000000000e-01,1.708446268250000122e-01,1.967119992749999935e-01,2.242690576749999942e-01
2.460937500000000000e-01,1.751862368124999791e-01,2.005856014374999829e-01,2.276609071374999793e-01
2.500000000000000000e-01,1.795278468000000016e-01,2.044592036000000002e-01,2.310527565999999922e-01
2.539062500000000000e-01,1.843138852249999737e-01,2.085530170874999867e-01,2.344199974875000037e-01
2.578125000000000000e-01,1.890999236500000291e-01,2.126468305750000287e-01,2.377872383749999874e-01
2.617187500000000000e-01,1.938859620750000012e-01,2.167406440625000152e-01,2.411544792624999989e-01
2.656250000000000000e-01,1.986720005000000011e-01,2.208344575500000295e-01,2.445217201499999826e-01
2.695312500000000000e-01,2.034580389250000010e-01,2.249282710374999883e-01,2.478889610374999941e-01
2.734375000000000000e-01,2.082440773500000009e-01,2.290220845249999748e-01,2.512562019249999778e-01
2.773437500000000000e-01,2.130301157750000285e-01,2.331158980125000169e-01,2.546234428124999893e-01
2.812500000000000000e-01,2.178161542000000006e-01,2.372097115000000034e-01,2.579906837000000008e-01
2.851562500000000000e-01,2.229261361750000114e-01,2.415084873124999920e-01,2.614274042499999395e-01
2.890625000000000000e-01,2.280361181500000223e-01,2.458072631250000084e-01,2.648641248000000448e-01
2.929687500000000000e-01,2.331461001249999776e-01,2.501060389374999415e-01,2.683008453499999835e-01
2.968750000000000000e-01,2.382560820999999884e-01,2.544048147499999857e-01,2.717375659000000332e-01
3.007812500000000000e-01,2.433660640749999993e-01,2.587035905625000298e-01,2.751742864500000274e-01
3.046875000000000000e-01,2.484760460499999546e-01,2.630023663750000185e-01,2.786110070000000216e-01
3.085937500000000000e-01,2.535860280249999654e-01,2.673011421875000071e-01,2.820477275500000158e-01
3.125000000000000000e-01,2.586960099999999763e-01,2.715999179999999957e-01,2.854844481000000100e-01
3.164062500000000000e-01,2.639484799625000377e-01,2.760757439125000046e-01,2.891276102249999980e-01
3.203125000000000000e-01,2.692009499249999882e-01,2.805515698249999579e-01,2.927707723499999859e-01
3.242187500000000000e-01,2.744534198874999942e-01,2.850273957374999667e-01,2.964139344750000293e-01
3.281250000000000000e-01,2.797058898500000002e-01,2.895032216499999755e-01,3.000570966000000173e-01
3.320312500000000000e-01,2.849583598125000061e-01,2.939790475625000399e-01,3.037002587250000052e-01
3.359375000000000000e-01,2.902108297750000121e-01,2.984548734750000487e-01,3.073434208500000486e-01
3.398437500000000000e-01,2.954632997374999626e-01,3.029306993875000020e-01,3.109865829750000366e-01
3.437500000000000000e-01,3.007157697000000240e-01,3.074065253000000109e-01,3.146297451000000245e-01
3.476562500000000000e-01,3.059269954125000135e-01,3.120385341750000485e-01,3.186370426250000332e-01
3.515625000000000000e-01,3.111382211250000029e-01,3.166705430499999752e-01,3.226443401499999863e-01
3.554687500000000000e-01,3.163494468374999924e-01,3.213025519250000128e-01,3.266516376749999950e-01
3.593750000000000000e-01,3.215606725499999818e-01,3.259345607999999395e-01,3.306589352000000037e-01
3.632812500000000000e-01,3.267718982625000268e-01,3.305665696749999771e-01,3.346662327250000124e-01
3.671875000000000000e-01,3.319831239750000162e-01,3.351985785500000148e-01,3.386735302500000211e-01
3.710937500000000000e-01,3.371943496875000057e-01,3.398305874249999414e-01,3.426808277749999743e-01
3.750000000000000000e-01,3.424055753999999951e-01,3.444625962999999791e-01,3.466881252999999830e-01
3.789062500000000000e-01,3.474223394125000031e-01,3.492270182999999695e-01,3.511795381374999692e-01
3.828125000000000000e-01,3.524391034250000665e-01,3.539914402999999599e-01,3.556709509749998999e-01
3.867187500000000000e-01,3.574558674375000189e-01,3.587558623000000058e-01,3.601623638124999971e-01
3.906250000000000000e-01,3.624726314500000268e-01,3.635202842999999961e-01,3.646537766499999833e-01
3.945312500000000000e-01,3.674893954624999792e-01,3.682847062999999865e-01,3.691451894874999695e-01
3.984375000000000000e-01,3.725061594749999871e-01,3.730491283000000324e-01,3.736366023250000667e-01
4.023437500000000000e-01,3.775229234874999951e-01,3.778135503000000228e-01,3.781280151624999974e-01
4.062500000000000000e-01,3.825396875000000030e-01,3.825779723000000132e-01,3.826194279999999837e-01
4.101562500000000000e-01,3.873842476250000111e-01,3.874177468250000200e-01,3.874540205624999456e-01
4.140625000000000000e-01,3.922288077500000192e-01,3.922575213500000268e-01,3.922886131249999631e-01
4.179687500000000000e-01,3.970733678750000273e-01,3.970972958750000337e-01,3.971232056875000360e-01
4.218750000000000000e-01,4.019179280000000354e-01,4.019370704000000405e-01,4.019577982499999980e-01
4.257812500000000000e-01,4.067624881249999880e-01,4.067768449249999918e-01,4.067923908124999599e-01
4.296875000000000000e-01,4.116070482499999961e-01,4.116166194499999986e-01,4.116269833750000329e-01
4.335937500000000000e-01,4.164516083750000042e-01,4.164563939750000054e-01,4.164615759375000503e-01
4.375000000000000000e-01,4.212961685000000123e-01,4.212961685000000123e-01,4.212961685000000123e-01
4.414062500000000000e-01,4.261294179250000314e-01,4.261294179249999758e-01,4.261294179250000314e-01
4.453125000000000000e-01,4.309626673499999949e-01,4.309626673500000504e-01,4.309626673499999949e-01
4.492187500000000000e-01,4.357959167750000140e-01,4.357959167750000140e-01,4.357959167749999585e-01
4.531250000000000000e-01,4.406291661999999221e-01,4.406291662000000331e-01,4.406291662000000331e-01
4.570312500000000000e-01,4.454624156249999967e-01,4.454624156249999967e-01,4.454624156250000522e-01
4.609375000000000000e-01,4.502956650500000157e-01,4.502956650499999602e-01,4.502956650500000157e-01
4.648437500000000000e-01,4.551289144749999793e-01,4.551289144750000348e-01,4.551289144749999793e-01
4.687500000000000000e-01,4.599621638999999984e-01,4.599621638999999984e-01,4.599621638999999984e-01
4.726562500000000000e-01,4.649994159749999967e-01,4.649994159749999967e-01,4.649994159749999967e-01
4.765625000000000000e-01,4.700366680499999950e-01,4.700366680499999950e-01,4.700366680499999950e-01
4.804687500000000000e-01,4.750739201249999932e-01,4.750739201249999932e-01,4.750739201249999932e-01
4.843750000000000000e-01,4.801111721999999915e-01,4.801111721999999915e-01,4.801111721999999915e-01
4.882812500000000000e-01,4.851484242749999898e-01,4.851484242749999898e-01,4.851484242749999898e-01
4.921875000000000000e-01,4.901856763499999881e-01,4.901856763499999881e-01,4.901856763499999881e-01
4.960937500000000000e-01,4.952229284249999863e-01,4.952229284249999863e-01,4.952229284249999863e-01
5.000000000000000000e-01,5.002601804999999846e-01,5.002601804999999846e-01,5.002601804999999846e-01
5.039062500000000000e-01,5.055771872375000031e-01,5.055547911000000116e-01,5.055089583124999786e-01
5.078125000000000000e-01,5.108941939750000216e-01,5.108494016999999277e-01,5.107577361249999726e-01
5.117187500000000000e-01,5.162112007124999291e-01,5.161440122999998437e-01,5.160065139375000776e-01
5.156250000000000000e-01,5.215282074500000586e-01,5.214386228999998707e-01,5.212552917499999605e-01
5.195312500000000000e-01,5.268452141875000772e-01,5.267332335000001198e-01,5.265040695624999545e-01
5.234375000000000000e-01,5.321622209249999846e-01,5.320278441000000358e-01,5.317528473750000595e-01
5.273437500000000000e-01,5.374792276625000031e-01,5.373224546999999518e-01,5.370016251875000535e-01
5.312500000000000000e-01,5.427962344000000217e-01,5.426170652999999788e-01,5.422504030000000474e-01
5.351562500000000000e-01,5.483968165250000526e-01,5.479849954500000120e-01,5.471424111750000652e-01
5.390625000000000000e-01,5.539973986499999725e-01,5.533529255999999341e-01,5.520344193499999719e-01
5.429687500000000000e-01,5.595979807750001145e-01,5.587208557499999673e-01,5.569264275250001006e-01
5.468750000000000000e-01,5.651985629000001454e-01,5.640887858999998894e-01,5.618184357000000073e-01
5.507812500000000000e-01,5.707991450249999543e-01,5.694567160500000336e-01,5.667104438749999140e-01
5.546875000000000000e-01,5.763997271500000963e-01,5.748246462000000667e-01,5.716024520500000428e-01
5.585937500000000000e-01,5.820003092750000162e-01,5.801925763499999888e-01,5.764944602249999495e-01
5.625000000000000000e-01,5.876008914000000471e-01,5.855605065000000220e-01,5.813864683999999672e-01
5.664062500000000000e-01,5.932557113624999934e-01,5.908341632249999309e-01,5.858810189249999967e-01
5.703125000000000000e-01,5.989105313250000506e-01,5.961078199500000618e-01,5.903755694499999152e-01
5.742187500000000000e-01,6.045653512874999969e-01,6.013814766749999707e-01,5.948701199749999446e-01
5.781250000000000000e-01,6.102201712500000541e-01,6.066551334000001017e-01,5.993646704999999741e-01
5.820312500000000000e-01,6.158749912125000003e-01,6.119287901250000106e-01,6.038592210250000036e-01
5.859375000000000000e-01,6.215298111750000576e-01,6.172024468499999195e-01,6.083537715500000331e-01
5.898437500000000000e-01,6.271846311375000038e-01,6.224761035750000504e-01,6.128483220749999516e-01
5.937500000000000000e-01,6.328394510999999500e-01,6.277497602999999593e-01,6.173428725999999811e-01
5.976562500000000000e-01,6.382566307250000515e-01,6.327689387874999571e-01,6.215491285874999994e-01
6.015625000000000000e-01,6.436738103500000419e-01,6.377881172749999550e-01,6.257553845749999066e-01
6.054687500000000000e-01,6.490909899750000323e-01,6.428072957624999528e-01,6.299616405625000359e-01
6.093750000000000000e-01,6.545081695999999116e-01,6.478264742499999507e-01,6.341678965500000542e-01
6.132812500000000000e-01,6.599253492249999020e-01,6.528456527374999485e-01,6.383741525374999615e-01
6.171875000000000000e-01,6.653425288499998924e-01,6.578648312250000574e-01,6.425804085249999797e-01
6.210937500000000000e-01,6.707597084749998828e-01,6.628840097124999442e-01,6.467866645124999980e-01
6.250000000000000000e-01,6.761768880999999842e-01,6.679031882000000531e-01,6.509929205000000163e-01
6.289062500000000000e-01,6.810940611250000387e-01,6.725102001999999635e-01,6.549666976999999335e-01
6.328125000000000000e-01,6.860112341499999822e-01,6.771172122000000959e-01,6.589404749000000727e-01
6.367187500000000000e-01,6.909284071749999256e-01,6.817242242000000063e-01,6.629142520999999899e-01
6.406250000000000000e-01,6.958455801999999801e-01,6.863312362000000277e-01,6.668880293000000181e-01
6.445312500000000000e-01,7.007627532250000346e-01,6.909382482000000492e-01,6.708618065000000463e-01
6.484375000000000000e-01,7.056799262499999781e-01,6.955452601999999596e-01,6.748355836999999635e-01
6.523437500000000000e-01,7.105970992749999215e-01,7.001522722000000920e-01,6.788093609000001027e-01
6.562500000000000000e-01,7.155142722999999760e-01,7.047592842000000024e-01,6.827831381000000199e-01
6.601562500000000000e-01,7.197585735374999460e-01,7.088345139249999649e-01,6.865131977624999715e-01
6.640625000000000000e-01,7.240028747750000271e-01,7.129097436500000384e-01,6.902432574250000341e-01
6.679687500000000000e-01,7.282471760124999971e-01,7.169849733750000009e-01,6.939733170875000967e-01
6.718750000000000000e-01,7.324914772499999671e-01,7.210602031000001855e-01,6.977033767500000483e-01
6.757812500000000000e-01,7.367357784874999371e-01,7.251354328250000369e-01,7.014334364124998888e-01
6.796875000000000000e-01,7.409800797249999071e-01,7.292106625499999994e-01,7.051634960749999514e-01
6.835937500000000000e-01,7.452243809624999882e-01,7.332858922750000730e-01,7.088935557375000140e-01
6.875000000000000000e-01,7.494686821999999582e-01,7.373611220000000355e-01,7.126236153999999656e-01
6.914062500000000000e-01,7.531924536874999854e-01,7.410486151999999827e-01,7.162369341000000000e-01
6.953125000000000000e-01,7.569162251749999015e-01,7.447361083999999298e-01,7.198502527999999234e-01
6.992187500000000000e-01,7.606399966624999287e-01,7.484236016000000991e-01,7.234635714999999578e-01
7.031250000000000000e-01,7.643637681500000669e-01,7.521110948000000462e-01,7.270768901999999922e-01
7.070312500000000000e-01,7.680875396374999831e-01,7.557985879999998824e-01,7.306902089000000267e-01
7.109375000000000000e-01,7.718113111250000102e-01,7.594860811999999406e-01,7.343035276000000611e-01
7.148437500000000000e-01,7.755350826124999264e-01,7.631735743999999988e-01,7.379168462999999845e-01
7.187500000000000000e-01,7.792588540999999536e-01,7.668610675999999460e-01,7.415301650000000189e-01
7.226562500000000000e-01,7.826930084750000072e-01,7.702852450249999539e-01,7.449338500125000095e-01
7.265625000000000000e-01,7.861271628499999498e-01,7.737094224500000728e-01,7.483375350250001112e-01
7.304687500000000000e-01,7.895613172250000034e-01,7.771335998749999696e-01,7.517412200374999909e-01
7.343750000000000000e-01,7.929954716000000570e-01,7.805577772999999775e-01,7.551449050499999816e-01
7.382812500000000000e-01,7.964296259749999995e-01,7.839819547249999854e-01,7.585485900625000832e-01
7.421875000000000000e-01,7.998637803500000532e-01,7.874061321499998822e-01,7.619522750750000739e-01
7.460937500000000000e-01,8.032979347249999957e-01,7.908303095750000011e-01,7.653559600875000646e-01
7.500000000000000000e-01,8.067320891000000493e-01,7.942544870000000090e-01,7.687596451000000553e-01
7.539062500000000000e-01,8.100126057625000042e-01,7.975257062250000750e-01,7.720117682125000602e-01
7.578125000000000000e-01,8.132931224249999591e-01,8.007969254500000300e-01,7.752638913250000652e-01
7.617187500000000000e-01,8.165736390875001360e-01,8.040681446750000960e-01,7.785160144375000701e-01
7.656250000000000000e-01,8.198541557500000909e-01,8.073393638999999400e-01,7.817681375500000751e-01
7.695312500000000000e-01,8.231346724124999348e-01,8.106105831249998950e-01,7.850202606624999691e-01
7.734375000000000000e-01,8.264151890750000007e-01,8.138818023499999610e-01,7.882723837749999740e-01
7.773437500000000000e-01,8.296957057375000666e-01,8.171530215749999160e-01,7.915245068874999790e-01
7.812500000000000000e-01,8.329762224000000215e-01,8.204242407999999820e-01,7.947766299999999839e-01
7.851562500000000000e-01,8.362135147250000511e-01,8.236525697250000055e-01,7.979865495125000319e-01
7.890625000000000000e-01,8.394508070500000807e-01,8.268808986499999181e-01,8.011964690249999688e-01
7.929687500000000000e-01,8.426880993750001103e-01,8.301092275749999416e-01,8.044063885375000167e-01
7.968750000000000000e-01,8.459253917000000289e-01,8.333375564999998542e-01,8.076163080499999536e-01
8.007812500000000000e-01,8.491626840249999475e-01,8.365658854249999887e-01,8.108262275625000015e-01
8.046875000000000000e-01,8.523999763499999771e-01,8.397942143500000123e-01,8.140361470750001605e-01
8.085937500000000000e-01,8.556372686750000067e-01,8.430225432749999248e-01,8.172460665874999863e-01
8.125000000000000000e-01,8.588745610000000363e-01,8.462508721999999484e-01,8.204559861000000343e-01
8.164062500000000000e-01,8.621637659250001029e-01,8.495311743249999159e-01,8.237180038750000488e-01
8.203125000000000000e-01,8.654529708500000584e-01,8.528114764499998834e-01,8.269800216500000634e-01
8.242187500000000000e-01,8.687421757750000140e-01,8.560917785750000730e-01,8.302420394249999669e-01
8.281250000000000000e-01,8.720313806999999695e-01,8.593720807000000406e-01,8.335040572000000925e-01
8.320312500000000000e-01,8.753205856250000361e-01,8.626523828249998971e-01,8.367660749750001070e-01
8.359375000000000000e-01,8.786097905499999916e-01,8.659326849500000867e-01,8.400280927500000105e-01
8.398437500000000000e-01,8.818989954749999471e-01,8.692129870750000542e-01,8.432901105250000251e-01
8.437500000000000000e-01,8.851882004000000137e-01,8.724932892000000217e-01,8.465521283000000397e-01
8.476562500000000000e-01,8.883358636749999482e-01,8.757672951124999550e-01,8.500839115999999640e-01
8.515625000000000000e-01,8.914835269499999937e-01,8.790413010250001102e-01,8.536156948999999994e-01
8.554687500000000000e-01,8.946311902249999282e-01,8.823153069375000435e-01,8.571474781999999237e-01
8.593750000000000000e-01,8.977788534999999737e-01,8.855893128500000877e-01,8.606792614999999591e-01
8.632812500000000000e-01,9.009265167750001302e-01,8.888633187625000209e-01,8.642110447999999945e-01
8.671875000000000000e-01,9.040741800500000647e-01,8.921373246749999542e-01,8.677428280999999188e-01
8.710937500000000000e-01,9.072218433250001102e-01,8.954113305875001094e-01,8.712746113999999542e-01
8.750000000000000000e-01,9.103695066000000446e-01,8.986853365000000426e-01,8.748063946999999896e-01
8.789062500000000000e-01,9.128334466999999952e-01,9.019586672875000710e-01,8.797329062124999988e-01
8.828125000000000000e-01,9.152973868000000568e-01,9.052319980750000994e-01,8.846594177250000079e-01
8.867187500000000000e-01,9.177613269000001184e-01,9.085053288625000167e-01,8.895859292375000171e-01
8.906250000000000000e-01,9.202252670000000689e-01,9.117786596500000451e-01,8.945124407500000263e-01
8.945312500000000000e-01,9.226892070999999085e-01,9.150519904375000735e-01,8.994389522624999245e-01
8.984375000000000000e-01,9.251531471999998590e-01,9.183253212249999908e-01,9.043654637749999337e-01
9.023437500000000000e-01,9.276170873000000316e-01,9.215986520125000192e-01,9.092919752874999428e-01
9.062500000000000000e-01,9.300810273999999822e-01,9.248719828000000476e-01,9.142184867999999520e-01
9.101562500000000000e-01,9.326553844000000648e-01,9.280798141875000740e-01,9.187218717749998653e-01
9.140625000000000000e-01,9.352297413999999254e-01,9.312876455750001004e-01,9.232252567500000007e-01
9.179687500000000000e-01,9.378040984000000080e-01,9.344954769625000157e-01,9.277286417250000250e-01
9.218750000000000000e-01,9.403784553999998685e-01,9.377033083500000421e-01,9.322320266999999383e-01
9.257812500000000000e-01,9.429528123999999512e-01,9.409111397375000685e-01,9.367354116749999626e-01
9.296875000000000000e-01,9.455271694000000338e-01,9.441189711249999839e-01,9.412387966499999870e-01
9.335937500000000000e-01,9.481015263999998943e-01,9.473268025125000102e-01,9.457421816250001223e-01
9.375000000000000000e-01,9.506758833999999769e-01,9.505346339000000366e-01,9.502455666000000356e-01
9.414062500000000000e-01,9.537756089125000170e-01,9.536520156000001247e-01,9.533990817124999850e-01
9.453125000000000000e-01,9.568753344250000570e-01,9.567693973000001018e-01,9.565525968249999345e-01
9.492187500000000000e-01,9.599750599375000970e-01,9.598867789999999678e-01,9.597061119374999949e-01
9.531250000000000000e-01,9.630747854500001370e-01,9.630041606999999448e-01,9.628596270500000553e-01
9.570312500000000000e-01,9.661745109624998440e-01,9.661215424000000329e-01,9.660131421625000048e-01
9.609375000000000000e-01,9.692742364749998840e-01,9.692389240999998989e-01,9.691666572750000652e-01
9.648437500000000000e-01,9.723739619874999240e-01,9.723563057999998760e-01,9.723201723875000146e-01
9.687500000000000000e-01,9.754736874999999641e-01,9.754736874999999641e-01,9.754736874999999641e-01
9.726562500000000000e-01,9.785394765625000657e-01,9.785394765624999547e-01,9.785394765624999547e-01
9.765625000000000000e-01,9.816052656249999453e-01,9.816052656250000563e-01,9.816052656249999453e-01
9.804687500000000000e-01,9.846710546875000469e-01,9.846710546874999359e-01,9.846710546874999359e-01
9.843750000000000000e-01,9.877368437499998155e-01,9.877368437499999265e-01,9.877368437499998155e-01
9.882812500000000000e-01,9.908026328124999171e-01,9.908026328125000282e-01,9.908026328125000282e-01
9.921875000000000000e-01,9.938684218750000188e-01,9.938684218750000188e-01,9.938684218750000188e-01
9.960937500000000000e-01,9.969342109374998984e-01,9.969342109375000094e-01,9.969342109375000094e-01
1.000000000000000000e+00,1.000000000000000000e+00,1.000000000000000000e+00,1.000000000000000000e+00
